{
    "caption": "Animation",
    "duration": 7000,
    "options": [
        [
            {
                "name": "icon",
                "caption": "Icon",
                "type": "text",
                "value": "$"
            },
            {
                "name": "icon_color",
                "caption": "Icon color",
                "type": "color",
                "value": "#ffffff"
            },
            {
                "name": "icon_bgcolor",
                "caption": "Icon background color",
                "type": "color",
                "value": "#000"
            }
        ],
        [
            {
                "name": "line_color",
                "caption": "Line Color",
                "type": "color",
                "value": "#ffffff"
            }
        ],
        [
            {
                "name": "text",
                "caption": "Text",
                "type": "text",
                "value": "Lower Thirds Animation"
            },
            {
                "name": "text_color",
                "caption": "Text color",
                "type": "color",
                "value": "#ffffff"
            },
            {
                "name": "text_bgcolor",
                "caption": "Text background color",
                "type": "color",
                "value": "#000"
            }
        ]
    ]
}