{
    "caption": "Animation 1",
    "duration": 7000,
    "options": [
        [
            {
                "name": "text1",
                "caption": "Text 1",
                "type": "text",
                "value": "Frederic"
            },
            {
                "name": "text1_color",
                "caption": "Text 1 color",
                "type": "color",
                "value": "#ffffff"
            },
            {
                "name": "text1_bgcolor",
                "caption": "Text 1 background color",
                "type": "color",
                "value": "#000000"
            }
        ],
        [
            {
                "name": "white_hover_bgcolor",
                "caption": "White Hover Color",
                "type": "color",
                "value": "#ffffff"
            }
        ],
        [
            {
                "name": "line_color",
                "caption": "Line Color",
                "type": "color",
                "value": "#ffffff"
            }
        ],
        [
            {
                "name": "text2",
                "caption": "Text 2",
                "type": "text",
                "value": "Colins"
            },
            {
                "name": "text2_color",
                "caption": "Text 2 color",
                "type": "color",
                "value": "#ffffff"
            },
            {
                "name": "text2_bgcolor",
                "caption": "Text 2 background color",
                "type": "color",
                "value": "#000000"
            }
        ]
    ]
}